<?xml version="1.0" encoding="UTF-8"?>
<!DOCTYPE suite SYSTEM "http://testng.org/testng-1.0.dtd">
<suite name="Suite">
  <test name="Test">
  

<test name="FirefoxTest">

<parameter name="browser" value="Firefox" />

<classes>

<class name="com.mindtree.browsers.BrowserTest">

</class>

</classes>

</test>

<test name="EdgeTest">

<parameter name="browser" value="firefox" />

<classes>

<class name="com.mindtree.browsers.BrowserTest">

</class>

</classes>

  </test> <!-- Test -->
</suite> <!-- Suite -->
